sourceURL,targetURL
https://community.expensify.com/discussion/5634/deep-dive-how-long-will-it-take-for-me-to-receive-my-reimbursement,https://help.expensify.com/articles/expensify-classic/expenses/reports/Reimbursements
https://community.expensify.com/discussion/4925/how-to-dispute-an-expensify-card-transaction,https://help.expensify.com/articles/expensify-classic/expensify-card/Dispute-A-Transaction
https://community.expensify.com/discussion/5184/faq-how-am-i-protected-from-fraud-using-the-expensify-card,https://help.expensify.com/articles/expensify-classic/expensify-card/Dispute-A-Transaction
https://community.expensify.com/discussion/4887/deep-dive-understanding-your-expensify-card-statement,https://help.expensify.com/articles/expensify-classic/expensify-card/Statements
https://community.expensify.com/discussion/4883/how-to-export-your-expensify-card-statement,https://help.expensify.com/articles/expensify-classic/expensify-card/Statements
https://community.expensify.com/discussion/9528/how-to-understand-the-amount-owed-figure,https://help.expensify.com/articles/expensify-classic/expensify-card/Statements
https://community.expensify.com/discussion/4806/how-to-pay-your-expensify-card-balance,https://help.expensify.com/articles/expensify-classic/expensify-card/Statements
https://community.expensify.com/discussion/7303/how-to-track-and-report-on-fringe-benefits-tax-fbt,https://help.expensify.com/articles/expensify-classic/insights-and-custom-reporting/Fringe-Benefits
https://community.expensify.com/discussion/8984/how-to-display-report-ids-or-transactionids-correctly-in-excel,https://help.expensify.com/articles/expensify-classic/insights-and-custom-reporting/Other-Export-Options
https://community.expensify.com/discussion/5799/deep-dive-date-formatting-for-formulas,https://help.expensify.com/articles/expensify-classic/insights-and-custom-reporting/Custom-Templates
https://community.expensify.com/discussion/5795/deep-dive-expense-level-formula,https://help.expensify.com/articles/expensify-classic/insights-and-custom-reporting/Custom-Templates
https://community.expensify.com/discussion/5798/deep-dive-gl-code-formula,https://help.expensify.com/articles/expensify-classic/insights-and-custom-reporting/Custom-Templates
https://community.expensify.com/discussion/5797/deep-dive-report-level-formula,https://help.expensify.com/articles/expensify-classic/insights-and-custom-reporting/Custom-Templates
https://community.expensify.com/discussion/5794/deep-dive-understanding-custom-export-templates-and-formulas,https://help.expensify.com/articles/expensify-classic/insights-and-custom-reporting/Custom-Templates
https://community.expensify.com/discussion/5802/deep-dive-understanding-math-and-substring-formula-for-custom-exports,https://help.expensify.com/articles/expensify-classic/insights-and-custom-reporting/Custom-Templates
https://community.expensify.com/discussion/5796/deep-dive-user-level-formula,https://help.expensify.com/articles/expensify-classic/insights-and-custom-reporting/Custom-Templates
https://community.expensify.com/discussion/4750/how-to-create-a-custom-export,https://help.expensify.com/articles/expensify-classic/insights-and-custom-reporting/Custom-Templates
https://community.expensify.com/discussion/4642/how-to-export-reports-to-a-custom-template,https://help.expensify.com/articles/expensify-classic/insights-and-custom-reporting/Custom-Templates
https://community.expensify.com/discussion/5648/deep-dive-policy-users-and-roles,https://help.expensify.com/articles/expensify-classic/copilots-and-delegates/User-Roles
https://community.expensify.com/discussion/5740/deep-dive-what-expense-information-is-available-based-on-role,https://help.expensify.com/articles/expensify-classic/copilots-and-delegates/User-Roles
https://community.expensify.com/discussion/4472/how-to-set-or-edit-a-user-role,https://help.expensify.com/articles/expensify-classic/copilots-and-delegates/User-Roles
https://community.expensify.com/discussion/5655/deep-dive-what-is-a-vacation-delegate,https://help.expensify.com/articles/expensify-classic/copilots-and-delegates/Vacation-Delegate
https://community.expensify.com/discussion/5194/how-to-assign-a-vacation-delegate-for-an-employee-through-domains,https://help.expensify.com/articles/expensify-classic/copilots-and-delegates/Vacation-Delegate
https://community.expensify.com/discussion/5190/how-to-individually-assign-a-vacation-delegate-from-account-settings,https://help.expensify.com/articles/expensify-classic/copilots-and-delegates/Vacation-Delegate
https://community.expensify.com/discussion/5274/how-to-set-up-an-adp-indirect-integration-with-expensify,https://help.expensify.com/articles/expensify-classic/integrations/HR-integrations/ADP
https://community.expensify.com/discussion/5776/how-to-create-mileage-expenses-in-expensify,https://help.expensify.com/articles/expensify-classic/expenses/Distance-Tracking
https://community.expensify.com/discussion/7385/how-to-enable-two-factor-authentication-in-your-account,https://help.expensify.com/expensify-classic/hubs/settings/account-settings
https://community.expensify.com/discussion/5149/how-to-manage-your-devices-in-expensify,https://help.expensify.com/expensify-classic/hubs/settings/account-settings
https://community.expensify.com/discussion/4432/how-to-add-a-secondary-login,https://help.expensify.com/expensify-classic/hubs/settings/account-settings
https://community.expensify.com/discussion/6794/how-to-change-your-email-in-expensify,https://help.expensify.com/expensify-classic/hubs/settings/account-settings
https://community.expensify.com/discussion/3498/how-do-i-invite-users-in-my-company,https://help.expensify.com/expensify-classic/hubs/getting-started
https://community.expensify.com/discussion/6015/tutorial,https://help.expensify.com/expensify-classic/hubs/getting-started
https://community.expensify.com/discussion/2596/setting-up-accounts,https://help.expensify.com/expensify-classic/hubs/getting-started
https://community.expensify.com/discussion/7665/how-do-i-add-another-person-to-my-account-to-keep-track-of-there-expenses,https://help.expensify.com/expensify-classic/hubs/getting-started
https://community.expensify.com/discussion/7456/how-do-i-submit-an-expense-for-reimbursement,https://help.expensify.com/expensify-classic/hubs/getting-started
https://community.expensify.com/discussion/1460/schedule-a-demo,https://help.expensify.com/expensify-classic/hubs/getting-started
https://community.expensify.com/discussion/835/what-is-the-difference-between-a-category-and-a-tag,https://help.expensify.com/expensify-classic/hubs/getting-started
https://community.expensify.com/discussion/7703/getting-started-video,https://help.expensify.com/expensify-classic/hubs/getting-started
https://community.expensify.com/discussion/1845/how-to-set-up-account-and-add-users,https://help.expensify.com/expensify-classic/hubs/getting-started
https://community.expensify.com/discussion/8629/employee-training-e-learning-program,https://help.expensify.com/expensify-classic/hubs/getting-started
https://community.expensify.com/discussion/1607/on-demand-webinars,https://help.expensify.com/expensify-classic/hubs/getting-started
https://community.expensify.com/discussion/5444/admin-onboarding-webinar-faqs,https://help.expensify.com/expensify-classic/hubs/getting-started
https://community.expensify.com/discussion/5417/employee-training-webinar-faqs,https://help.expensify.com/expensify-classic/hubs/getting-started
https://community.expensify.com/discussion/5885/overview-the-employee-training-webinar,https://help.expensify.com/expensify-classic/hubs/getting-started
https://community.expensify.com/discussion/5854/overview-the-expensify-admin-onboarding-webinar,https://help.expensify.com/expensify-classic/hubs/getting-started
https://community.expensify.com/discussion/4699/how-to-download-the-mobile-app,https://help.expensify.com/expensify-classic/hubs/getting-started
https://community.expensify.com/discussion/4524/how-to-set-up-the-uber-integration,https://help.expensify.com/expensify-classic/hubs/getting-started
https://community.expensify.com/discussion/5212/how-to-connect-your-policy-to-netsuite-token-based-authentication,https://help.expensify.com/expensify-classic/hubs/getting-started
https://community.expensify.com/discussion/5124/how-to-add-your-name-and-photo-to-your-account,https://help.expensify.com/articles/expensify-classic/settings/account-settings/Add-profile-photo
https://community.expensify.com/discussion/5922/deep-dive-day-1-with-expensify-for-submitters,https://help.expensify.com/expensify-classic/hubs/getting-started
https://community.expensify.com/discussion/5934/day-1-with-expensify-admins-and-accountants,https://help.expensify.com/expensify-classic/hubs/getting-started
https://community.expensify.com/discussion/5694/deep-dive-admin-training-and-setup-resources,https://help.expensify.com/expensify-classic/hubs/getting-started
https://help.expensify.com/articles/expensify-classic/expensify-card/Expensify-Card-Perks.html,https://use.expensify.com/company-credit-card
https://help.expensify.com/articles/expensify-classic/expensify-partner-program/How-to-Join-the-ExpensifyApproved!-Partner-Program.html,https://use.expensify.com/accountants-program
https://help.expensify.com/articles/expensify-classic/getting-started/approved-accountants/Card-Revenue-Share-For-Expensify-Approved-Partners, https://use.expensify.com/blog/maximizing-rewards-expensifyapproved-accounting-partners-now-earn-0-5-revenue-share
https://help.expensify.com/articles/expensify-classic/bank-accounts-and-credit-cards/International-Reimbursements,https://help.expensify.com/articles/expensify-classic/bank-accounts-and-credit-cards/Global-Reimbursements
https://community.expensify.com/discussion/4452/how-to-merge-accounts,https://help.expensify.com/articles/expensify-classic/settings/account-settings/Merge-accounts
https://community.expensify.com/discussion/4783/how-to-add-or-remove-a-copilot,https://help.expensify.com/articles/expensify-classic/account-settings/Copilot
https://community.expensify.com/discussion/4343/expensify-anz-partnership-announcement,https://help.expensify.com/articles/expensify-classic/bank-accounts-and-credit-cards/company-cards/Connect-ANZ
https://community.expensify.com/discussion/7318/deep-dive-company-credit-card-import-options,https://help.expensify.com/articles/expensify-classic/bank-accounts-and-credit-cards/company-cards
https://community.expensify.com/discussion/2673/personalize-your-commercial-card-feed-name,https://help.expensify.com/articles/expensify-classic/bank-accounts-and-credit-cards/company-cards/Commercial-Card-Feeds
https://community.expensify.com/discussion/6569/how-to-import-and-assign-company-cards-from-csv-file,https://help.expensify.com/articles/expensify-classic/bank-accounts-and-credit-cards/company-cards/CSV-Import
https://community.expensify.com/discussion/4714/how-to-set-up-a-direct-bank-connection-for-company-cards,https://help.expensify.com/articles/expensify-classic/bank-accounts-and-credit-cards/company-cards/Direct-Bank-Connections
https://community.expensify.com/discussion/4828/how-to-reconcile-your-company-cards-statement-in-expensify,https://help.expensify.com/articles/expensify-classic/bank-accounts-and-credit-cards/company-cards/Reconciliation
https://community.expensify.com/discussion/5366/deep-dive-troubleshooting-credit-card-issues-in-expensify,https://help.expensify.com/articles/expensify-classic/bank-accounts-and-credit-cards/company-cards/Troubleshooting
https://community.expensify.com/discussion/9554/how-to-set-up-global-reimbursemen,https://help.expensify.com/articles/expensify-classic/bank-accounts-and-credit-cards/Global-Reimbursements
https://community.expensify.com/discussion/4463/how-to-remove-or-manage-settings-for-imported-personal-cards,https://help.expensify.com/articles/expensify-classic/bank-accounts-and-credit-cards/Personal-Credit-Cards
https://community.expensify.com/discussion/5793/how-to-connect-your-personal-card-to-import-expenses,https://help.expensify.com/articles/expensify-classic/bank-accounts-and-credit-cards/Personal-Credit-Cards
https://community.expensify.com/discussion/4826/how-to-set-your-annual-subscription-size,https://use.expensify.com/
https://community.expensify.com/discussion/5667/deep-dive-how-does-the-annual-subscription-billing-work,https://use.expensify.com/
https://help.expensify.com/articles/expensify-classic/getting-started/approved-accountants/Your-Expensify-Partner-Manager,https://help.expensify.com/articles/expensify-classic/expensify-partner-program/Your-Expensify-Partner-Manager
https://help.expensify.com/expensify-classic/hubs/getting-started/plan-types,https://use.expensify.com/
https://help.expensify.com/articles/expensify-classic/getting-started/Employees,https://help.expensify.com/articles/expensify-classic/getting-started/Join-your-company's-workspace
https://help.expensify.com/articles/expensify-classic/getting-started/Using-The-App,https://help.expensify.com/articles/expensify-classic/getting-started/Join-your-company's-workspace
https://help.expensify.com/articles/expensify-classic/getting-started/support/Expensify-Support,https://use.expensify.com/support
https://help.expensify.com/articles/expensify-classic/getting-started/Plan-Types,https://use.expensify.com/
https://help.expensify.com/articles/new-expensify/payments/Referral-Program,https://help.expensify.com/articles/expensify-classic/expenses/Referral-Program
https://help.expensify.com/articles/expensify-classic/account-settings/Account-Details,https://help.expensify.com/expensify-classic/hubs/settings/account-settings
https://help.expensify.com/articles/expensify-classic/account-settings/Preferences,https://help.expensify.com/expensify-classic/hubs/settings/account-settings
https://help.expensify.com/articles/expensify-classic/account-settings/Merge-Accounts,https://help.expensify.com/articles/expensify-classic/settings/account-settings/Merge-accounts
https://help.expensify.com/articles/expensify-classic/getting-started/Individual-Users,https://help.expensify.com/articles/expensify-classic/getting-started/Create-a-workspace-for-yourself
https://help.expensify.com/articles/expensify-classic/getting-started/Invite-Members,https://help.expensify.com/articles/expensify-classic/copilots-and-delegates/Invite-Members
https://help.expensify.com/articles/expensify-classic/expensify-billing/Annual-Subscription,https://use.expensify.com/
https://help.expensify.com/articles/expensify-classic/expensify-billing/Pay-Per-Use-Subscription,https://use.expensify.com/
https://help.expensify.com/articles/expensify-classic/expensify-billing/Individual-Subscription,https://use.expensify.com/
https://help.expensify.com/articles/expensify-classic/settings/Merge-Accounts,https://help.expensify.com/articles/expensify-classic/settings/account-settings/Merge-accounts
https://help.expensify.com/articles/expensify-classic/settings/Preferences,https://help.expensify.com/expensify-classic/hubs/settings/account-settings
https://help.expensify.com/articles/expensify-classic/getting-started/support/Your-Expensify-Account-Manager,https://use.expensify.com/support
https://help.expensify.com/articles/expensify-classic/settings/Copilot,https://help.expensify.com/expensify-classic/hubs/copilots-and-delegates/
https://help.expensify.com/articles/expensify-classic/workspaces/Domains-Overview,https://help.expensify.com/expensify-classic/hubs/domains/
https://help.expensify.com/articles/expensify-classic/workspace-and-domain-settings/reports/Currency,https://help.expensify.com/articles/expensify-classic/reports/Currency
https://help.expensify.com/articles/expensify-classic/workspace-and-domain-settings/reports/Report-Fields-And-Titles,https://help.expensify.com/articles/expensify-classic/workspaces/reports/Report-Fields-And-Titles
https://help.expensify.com/articles/expensify-classic/workspace-and-domain-settings/reports/Scheduled-Submit,https://help.expensify.com/articles/expensify-classic/workspaces/reports/Scheduled-Submit
https://help.expensify.com/articles/expensify-classic/workspace-and-domain-settings/Categories,https://help.expensify.com/articles/expensify-classic/workspaces/Categori
https://help.expensify.com/articles/expensify-classic/workspace-and-domain-settings/Expenses,https://help.expensify.com/expensify-classic/hubs/expenses/
https://help.expensify.com/articles/expensify-classic/workspace-and-domain-settings/Per-Diem,https://help.expensify.com/articles/expensify-classic/expenses/Per-Diem-Expenses
https://help.expensify.com/articles/expensify-classic/workspace-and-domain-settings/Budgets,https://help.expensify.com/articles/expensify-classic/workspaces/Budgets
https://help.expensify.com/articles/expensify-classic/workspace-and-domain-settings/Reimbursement,https://help.expensify.com/articles/expensify-classic/send-payments/Reimbursing-Reports
https://help.expensify.com/articles/expensify-classic/workspace-and-domain-settings/Tags,https://help.expensify.com/articles/expensify-classic/workspaces/Tags
https://help.expensify.com/articles/expensify-classic/copilots-and-delegates/User-Roles,https://help.expensify.com/articles/expensify-classic/workspaces/Change-member-workspace-roles
https://help.expensify.com/articles/new-expensify/account-settings/Preferences,https://help.expensify.com/articles/new-expensify/settings/Preferences
https://help.expensify.com/articles/new-expensify/account-settings/Profile,https://help.expensify.com/articles/new-expensify/settings/Profile
https://help.expensify.com/articles/new-expensify/account-settings/Security,https://help.expensify.com/articles/new-expensify/settings/Security
https://help.expensify.com/articles/new-expensify/bank-accounts/Connect-a-Bank-Account,https://help.expensify.com/articles/new-expensify/bank-accounts-and-payments/Connect-a-Bank-Account
https://help.expensify.com/articles/new-expensify/payments/Distance-Requests,https://help.expensify.com/articles/new-expensify/expenses/Distance-Requests
https://help.expensify.com/articles/expensify-classic/expenses/Referral-Program,https://help.expensify.com/articles/new-expensify/expenses/Referral-Program
https://help.expensify.com/articles/new-expensify/payments/Request-Money,https://help.expensify.com/articles/new-expensify/expenses/Request-Money
https://help.expensify.com/articles/expensify-classic/workspace-and-domain-settings/tax-tracking,https://help.expensify.com/articles/expensify-classic/expenses/expenses/Apply-Tax
https://help.expensify.com/articles/expensify-classic/copilots-and-delegates/User-Roles.html,https://help.expensify.com/expensify-classic/hubs/copilots-and-delegates/
https://help.expensify.com/articles/expensify-classic/expensify-billing/Billing-Owner,https://help.expensify.com/articles/expensify-classic/workspaces/Assign-billing-owner-and-payment-account
https://help.expensify.com/articles/expensify-classic/expensify-billing/Billing-Owner.html,https://help.expensify.com/articles/expensify-classic/workspaces/Assign-billing-owner-and-payment-account
https://help.expensify.com/articles/expensify-classic/insights-and-custom-reporting/Other-Export-Options.html,https://help.expensify.com/articles/expensify-classic/spending-insights/Other-Export-Options
https://help.expensify.com/articles/expensify-classic/bank-accounts-and-credit-cards/business-bank-accounts/Business-Bank-Accounts-AUD,https://help.expensify.com/articles/expensify-classic/connect-credit-cards/Global-Reimbursements
https://help.expensify.com/expensify-classic/hubs/bank-accounts-and-credit-cards,https://help.expensify.com/expensify-classic/hubs/
https://help.expensify.com/articles/expensify-classic/bank-accounts-and-credit-cards/business-bank-accounts/Business-Bank-Accounts-USD,https://help.expensify.com/articles/expensify-classic/bank-accounts-and-payments/Reimbursing-Reports
https://help.expensify.com/expensify-classic/hubs/bank-accounts-and-credit-cards/company-cards,https://help.expensify.com/expensify-classic/hubs/connect-credit-cards/company-cards
https://help.expensify.com/articles/expensify-classic/bank-accounts-and-credit-cards/Global-Reimbursements,https://help.expensify.com/articles/expensify-classic/connect-credit-cards/Global-Reimbursements
https://help.expensify.com/articles/expensify-classic/bank-accounts-and-credit-cards/Personal-Credit-Cards,https://help.expensify.com/articles/expensify-classic/connect-credit-cards/Personal-Credit-Cards
https://help.expensify.com/expensify-classic/hubs/bank-accounts-and-credit-cards/deposit-accounts,https://help.expensify.com/expensify-classic/hubs/connect-credit-cards/deposit-accounts
https://help.expensify.com/articles/expensify-classic/bank-accounts-and-credit-cards/deposit-accounts/Deposit-Accounts-USD,https://help.expensify.com/articles/expensify-classic/connect-credit-cards/deposit-accounts/Deposit-Accounts-USD
https://help.expensify.com/articles/expensify-classic/bank-accounts-and-credit-cards/deposit-accounts/Deposit-Accounts-AUD,https://help.expensify.com/articles/expensify-classic/connect-credit-cards/deposit-accounts/Deposit-Accounts-AUD
https://help.expensify.com/expensify-classic/hubs/bank-accounts-and-credit-cards/business-bank-accounts,https://help.expensify.com/expensify-classic/hubs/connect-credit-cards/business-bank-accounts
https://help.expensify.com/articles/expensify-classic/bank-accounts-and-credit-cards/company-cards/CSV-Import,https://help.expensify.com/articles/expensify-classic/connect-credit-cards/company-cards/CSV-Import
https://help.expensify.com/articles/expensify-classic/bank-accounts-and-credit-cards/company-cards/Commercial-Card-Feeds,https://help.expensify.com/articles/expensify-classic/connect-credit-cards/company-cards/Commercial-Card-Feeds
https://help.expensify.com/articles/expensify-classic/bank-accounts-and-credit-cards/company-cards/Company-Card-Settings,https://help.expensify.com/articles/expensify-classic/connect-credit-cards/company-cards/Company-Card-Settings
https://help.expensify.com/articles/expensify-classic/bank-accounts-and-credit-cards/company-cards/Connect-ANZ,https://help.expensify.com/articles/expensify-classic/connect-credit-cards/company-cards/Connect-ANZ
https://help.expensify.com/articles/expensify-classic/bank-accounts-and-credit-cards/company-cards/Direct-Bank-Connections,https://help.expensify.com/articles/expensify-classic/connect-credit-cards/company-cards/Direct-Bank-Connections
https://help.expensify.com/articles/expensify-classic/bank-accounts-and-credit-cards/company-cards/Reconciliation,https://help.expensify.com/articles/expensify-classic/connect-credit-cards/company-cards/Reconciliation
https://help.expensify.com/articles/expensify-classic/bank-accounts-and-credit-cards/company-cards/Troubleshooting,https://help.expensify.com/articles/expensify-classic/connect-credit-cards/company-cards/Troubleshooting
https://help.expensify.com/articles/expensify-classic/reports/Expense-Rules,https://help.expensify.com/articles/expensify-classic/expenses/Expense-Rules
https://help.expensify.com/articles/expensify-classic/reports/Currency,https://help.expensify.com/articles/expensify-classic/workspaces/Currency
https://help.expensify.com/articles/expensify-classic/reports/The-Expenses-Page,https://help.expensify.com/articles/expensify-classic/expenses/The-Expenses-Page
https://help.expensify.com/articles/expensify-classic/reports/Attendee-Tracking,https://help.expensify.com/articles/expensify-classic/expenses/Track-group-expenses
https://help.expensify.com/articles/expensify-classic/account-settings/Close-Account,https://help.expensify.com/articles/expensify-classic/settings/Close-or-reopen-account
https://help.expensify.com/articles/expensify-classic/account-settings/Copilot,https://help.expensify.com/expensify-classic/hubs/copilots-and-delegates/
https://help.expensify.com/articles/expensify-classic/account-settings/Notification-Troubleshooting,https://help.expensify.com/articles/expensify-classic/settings/Notification-Troubleshooting
https://help.expensify.com/articles/expensify-classic/billing-and-subscriptions/Annual-Subscription,https://help.expensify.com/articles/expensify-classic/expensify-billing/Billing-Overview
https://help.expensify.com/articles/expensify-classic/billing-and-subscriptions/Billing-Overview,https://help.expensify.com/articles/expensify-classic/expensify-billing/Billing-Overview
https://help.expensify.com/articles/expensify-classic/billing-and-subscriptions/Billing-Owner,https://help.expensify.com/articles/expensify-classic/expensify-billing/Billing-Overview
https://help.expensify.com/articles/expensify-classic/billing-and-subscriptions/Change-Plan-Or-Subscription,https://help.expensify.com/articles/expensify-classic/expensify-billing/Change-Plan-Or-Subscription
https://help.expensify.com/articles/expensify-classic/billing-and-subscriptions/Consolidated-Domain-Billing,https://help.expensify.com/articles/expensify-classic/expensify-billing/Consolidated-Domain-Billing
https://help.expensify.com/articles/expensify-classic/billing-and-subscriptions/Individual-Subscription,https://help.expensify.com/articles/expensify-classic/expensify-billing/Billing-Overview
https://help.expensify.com/articles/expensify-classic/billing-and-subscriptions/Pay-Per-Use-Subscription,https://help.expensify.com/articles/expensify-classic/expensify-billing/Billing-Overview
https://help.expensify.com/articles/expensify-classic/billing-and-subscriptions/Receipt-Breakdown,https://help.expensify.com/articles/expensify-classic/expensify-billing/Receipt-Breakdown
https://help.expensify.com/articles/expensify-classic/billing-and-subscriptions/Tax-Exempt,https://help.expensify.com/articles/expensify-classic/expensify-billing/Tax-Exempt
https://help.expensify.com/articles/expensify-classic/copilots-and-delegates/Approving-Reports,https://help.expensify.com/expensify-classic/hubs/reports/
https://help.expensify.com/articles/expensify-classic/copilots-and-delegates/Invite-Members,https://help.expensify.com/articles/expensify-classic/workspaces/Invite-members-and-assign-roles
https://help.expensify.com/articles/expensify-classic/expense-and-report-features/Attendee-Tracking,https://help.expensify.com/articles/expensify-classic/expenses/Track-group-expenses
https://help.expensify.com/articles/expensify-classic/expense-and-report-features/Currency,https://help.expensify.com/articles/expensify-classic/workspaces/Currency
https://help.expensify.com/articles/expensify-classic/expense-and-report-features/Expense-Rules,https://help.expensify.com/articles/expensify-classic/expenses/Expense-Rules
https://help.expensify.com/articles/expensify-classic/expense-and-report-features/Expense-Types,https://help.expensify.com/articles/expensify-classic/expenses/Expense-Types
https://help.expensify.com/articles/expensify-classic/expense-and-report-features/Report-Audit-Log-and-Comments,https://help.expensify.com/articles/expensify-classic/reports/Report-Audit-Log-and-Comments
https://help.expensify.com/articles/expensify-classic/expense-and-report-features/The-Expenses-Page,https://help.expensify.com/articles/expensify-classic/expenses/The-Expenses-Page
https://help.expensify.com/articles/expensify-classic/expense-and-report-features/The-Reports-Page,https://help.expensify.com/articles/expensify-classic/reports/The-Reports-Page
https://help.expensify.com/articles/expensify-classic/expenses/Per-Diem-Expenses,https://help.expensify.com/articles/expensify-classic/expenses/Track-per-diem-expenses
https://help.expensify.com/articles/expensify-classic/get-paid-back/Distance-Tracking,https://help.expensify.com/articles/expensify-classic/expenses/Track-mileage-expenses
https://help.expensify.com/articles/expensify-classic/get-paid-back/expenses/Apply-Tax,https://help.expensify.com/articles/expensify-classic/expenses/expenses/Apply-Tax
https://help.expensify.com/articles/expensify-classic/get-paid-back/expenses/Create-Expenses,https://help.expensify.com/articles/expensify-classic/expenses/expenses/Add-an-expense
https://help.expensify.com/articles/expensify-classic/get-paid-back/expenses/Merge-Expenses,https://help.expensify.com/articles/expensify-classic/expenses/expenses/Merge-expenses
https://help.expensify.com/articles/expensify-classic/get-paid-back/expenses/Upload-Receipts,https://help.expensify.com/articles/expensify-classic/expenses/expenses/Add-an-expense
https://help.expensify.com/articles/expensify-classic/get-paid-back/Per-Diem-Expenses,https://help.expensify.com/articles/expensify-classic/expenses/Track-per-diem-expenses
https://help.expensify.com/articles/expensify-classic/get-paid-back/Referral-Program,https://help.expensify.com/articles/new-expensify/expenses/Referral-Program
https://help.expensify.com/articles/expensify-classic/get-paid-back/reports/Create-A-Report,https://help.expensify.com/articles/expensify-classic/expenses/reports/Create-A-Report
https://help.expensify.com/articles/expensify-classic/get-paid-back/reports/Reimbursements,https://help.expensify.com/articles/expensify-classic/expenses/reports/Reimbursements
https://help.expensify.com/articles/expensify-classic/get-paid-back/Trips,https://help.expensify.com/articles/expensify-classic/expenses/Trips
https://help.expensify.com/articles/expensify-classic/insights-and-custom-reporting/Custom-Templates,https://help.expensify.com/articles/expensify-classic/spending-insights/Custom-Templates
https://help.expensify.com/articles/expensify-classic/insights-and-custom-reporting/Default-Export-Templates,https://help.expensify.com/articles/expensify-classic/spending-insights/Default-Export-Templates
https://help.expensify.com/articles/expensify-classic/insights-and-custom-reporting/Fringe-Benefits,https://help.expensify.com/articles/expensify-classic/spending-insights/Fringe-Benefits
https://help.expensify.com/articles/expensify-classic/insights-and-custom-reporting/Insights,https://help.expensify.com/articles/expensify-classic/spending-insights/Insights
https://help.expensify.com/articles/expensify-classic/insights-and-custom-reporting/Other-Export-Options,https://help.expensify.com/articles/expensify-classic/spending-insights/Other-Export-Options
https://help.expensify.com/articles/expensify-classic/manage-employees-and-report-approvals/Approval-Workflows,https://help.expensify.com/articles/expensify-classic/copilots-and-delegates/Approval-Workflows
https://help.expensify.com/articles/expensify-classic/manage-employees-and-report-approvals/Approving-Reports,https://help.expensify.com/articles/expensify-classic/copilots-and-delegates/Approving-Reports
https://help.expensify.com/articles/expensify-classic/manage-employees-and-report-approvals/Invite-Members,https://help.expensify.com/articles/expensify-classic/copilots-and-delegates/Invite-Members
https://help.expensify.com/articles/expensify-classic/manage-employees-and-report-approvals/Removing-Members,https://help.expensify.com/articles/expensify-classic/copilots-and-delegates/Removing-Members
https://help.expensify.com/articles/expensify-classic/manage-employees-and-report-approvals/User-Roles,https://help.expensify.com/expensify-classic/hubs/copilots-and-delegates/
https://help.expensify.com/articles/expensify-classic/send-payments/Reimbursing-Reports,https://help.expensify.com/articles/expensify-classic/bank-accounts-and-payments/Reimbursing-Reports
https://help.expensify.com/articles/expensify-classic/workspace-and-domain-settings/SAML-SSO,https://help.expensify.com/articles/expensify-classic/settings/Enable-two-factor-authentication
https://help.expensify.com/articles/expensify-classic/workspaces/Budgets,https://help.expensify.com/articles/expensify-classic/workspaces/Set-budgets
https://help.expensify.com/articles/expensify-classic/workspaces/Categories,https://help.expensify.com/articles/expensify-classic/workspaces/Create-categories
https://help.expensify.com/articles/expensify-classic/expenses/Per-Diem-Expenses.html,https://help.expensify.com/articles/expensify-classic/workspaces/Enable-per-diem-expenses
https://help.expensify.com/articles/expensify-classic/workspaces/Budgets.html,https://help.expensify.com/articles/expensify-classic/workspaces/Set-budgets
https://help.expensify.com/articles/expensify-classic/workspaces/Tags,https://help.expensify.com/articles/expensify-classic/workspaces/Create-tags
https://help.expensify.com/expensify-classic/hubs/manage-employees-and-report-approvals,https://help.expensify.com/articles/expensify-classic/copilots-and-delegates/Approval-Workflows
https://help.expensify.com/articles/expensify-classic/expenses/expenses/Add-an-expense,https://help.expensify.com/articles/expensify-classic/expenses/Add-an-expense
https://help.expensify.com/articles/expensify-classic/expenses/expenses/Apply-Tax,https://help.expensify.com/articles/expensify-classic/expenses/Apply-Tax
https://help.expensify.com/articles/expensify-classic/expenses/expenses/Merge-expenses,https://help.expensify.com/articles/expensify-classic/expenses/Merge-expenses
https://help.expensify.com/articles/expensify-classic/expenses/reports/Reimbursements,https://help.expensify.com/articles/expensify-classic/bank-accounts-and-payments/Reimbursements
https://help.expensify.com/articles/new-expensify/expenses/Referral-Program,https://help.expensify.com/articles/expensify-classic/expensify-partner-program/Referral-Program
https://help.expensify.com/articles/expensify-classic/reports/Report-Audit-Log-and-Comments,https://help.expensify.com/articles/expensify-classic/reports/Print-or-download-a-report
https://help.expensify.com/articles/expensify-classic/reports/The-Reports-Page,https://help.expensify.com/articles/expensify-classic/reports/Report-statuses
https://help.expensify.com/articles/new-expensify/getting-started/Free-plan-upgrade-to-collect-plan,https://help.expensify.com/articles/new-expensify/getting-started/Upgrade-to-a-Collect-Plan
https://help.expensify.com/articles/new-expensify/bank-accounts-and-payments/Connect-a-Bank-Account,https://help.expensify.com/new-expensify/hubs/expenses/Connect-a-Bank-Account
https://help.expensify.com/articles/new-expensify/settings/Profile,https://help.expensify.com/new-expensify/hubs/settings/
https://help.expensify.com/articles/new-expensify/expenses/Referral-Program.html,https://help.expensify.com/articles/expensify-classic/expensify-partner-program/Referral-Program
https://help.expensify.com/articles/new-expensify/workspaces/The-Free-Plan,https://help.expensify.com/new-expensify/hubs/workspaces/
https://help.expensify.com/new-expensify/hubs/expenses/Connect-a-Bank-Account,https://help.expensify.com/articles/new-expensify/expenses/Connect-a-Business-Bank-Account
https://help.expensify.com/articles/new-expensify/settings/Security,https://help.expensify.com/articles/new-expensify/settings/Encryption-and-Data-Security
https://help.expensify.com/articles/expensify-classic/workspaces/reports/Currency,https://help.expensify.com/articles/expensify-classic/workspaces/Currency
https://help.expensify.com/articles/expensify-classic/workspaces/reports/Report-Fields-And-Titles,https://help.expensify.com/expensify-classic/hubs/workspaces/
https://help.expensify.com/articles/expensify-classic/workspaces/reports/Scheduled-Submit,https://help.expensify.com/articles/expensify-classic/reports/Automatically-submit-employee-reports
https://help.expensify.com/articles/new-expensify/chat/Expensify-Chat-For-Admins,https://help.expensify.com/new-expensify/hubs/chat/
https://help.expensify.com/articles/new-expensify/bank-accounts-and-payments/Connect-a-Bank-Account.html,https://help.expensify.com/articles/new-expensify/expenses/Connect-a-Business-Bank-Account
https://help.expensify.com/articles/expensify-classic/travel/Coming-Soon,https://help.expensify.com/expensify-classic/hubs/travel/
https://help.expensify.com/articles/new-expensify/expenses/Manually-submit-reports-for-approval,https://help.expensify.com/new-expensify/hubs/expenses/
https://help.expensify.com/articles/expensify-classic/bank-accounts-and-payments/Reimbursements.html,https://help.expensify.com/articles/expensify-classic/bank-accounts-and-payments/payments/Receive-Payments
https://help.expensify.com/articles/expensify-classic/bank-accounts-and-payments/Pay-Bills.html,https://help.expensify.com/articles/expensify-classic/bank-accounts-and-payments/payments/Reimburse-Reports-Invoices-and-Bills
https://help.expensify.com/articles/expensify-classic/bank-accounts-and-payments/Reimbursing-Reports.html,https://help.expensify.com/articles/expensify-classic/bank-accounts-and-payments/payments/Reimburse-Reports-Invoices-and-Bills
https://help.expensify.com/articles/expensify-classic/expensify-card/Auto-Reconciliation,https://help.expensify.com/articles/expensify-classic/expensify-card/Expensify-Card-Reconciliation.md
https://help.expensify.com/articles/new-expensify/expenses/Approve-and-pay-expenses,https://help.expensify.com/articles/new-expensify/expenses-&-payments/Approve-and-pay-expenses
https://help.expensify.com/articles/new-expensify/expenses/Connect-a-Business-Bank-Account,https://help.expensify.com/articles/new-expensify/expenses-&-payments/Connect-a-Business-Bank-Account
https://help.expensify.com/articles/new-expensify/expenses/Create-an-expense,https://help.expensify.com/articles/new-expensify/expenses-&-payments/Create-an-expense
https://help.expensify.com/articles/new-expensify/expenses/Distance-Requests,https://help.expensify.com/articles/new-expensify/expenses-&-payments/Distance-Requests
https://help.expensify.com/articles/new-expensify/expenses/Resolve-Errors-Adding-a-Bank-Account,https://help.expensify.com/articles/new-expensify/expenses-&-payments/Resolve-Errors-Adding-a-Bank-Account
https://help.expensify.com/articles/new-expensify/expenses/Send-an-invoice,https://help.expensify.com/articles/new-expensify/expenses-&-payments/Send-an-invoice
https://help.expensify.com/articles/new-expensify/expenses/Set-up-your-wallet,https://help.expensify.com/articles/new-expensify/expenses-&-payments/Set-up-your-wallet
https://help.expensify.com/articles/new-expensify/expenses/Split-an-expense,https://help.expensify.com/articles/new-expensify/expenses-&-payments/Split-an-expense
https://help.expensify.com/articles/new-expensify/expenses/Track-expenses,https://help.expensify.com/articles/new-expensify/expenses-&-payments/Track-expenses
https://help.expensify.com/articles/new-expensify/expenses/Unlock-a-Business-Bank-Account,https://help.expensify.com/articles/new-expensify/expenses-&-payments/Unlock-a-Business-Bank-Account
https://help.expensify.com/expensify-classic/hubs/integrations/HR-integrations,https://help.expensify.com/expensify-classic/hubs/connections
https://help.expensify.com/expensify-classic/hubs/integrations/accounting-integrations,https://help.expensify.com/expensify-classic/hubs/connections
https://help.expensify.com/expensify-classic/hubs/integrations/other-integrations,https://help.expensify.com/expensify-classic/hubs/connections
https://help.expensify.com/expensify-classic/hubs/integrations/travel-integrations,https://help.expensify.com/expensify-classic/hubs/connections
https://help.expensify.com/articles/expensify-classic/integrations/HR-integrations/ADP,https://help.expensify.com/articles/expensify-classic/connections/ADP
https://help.expensify.com/articles/expensify-classic/integrations/accounting-integrations/Accelo,https://help.expensify.com/expensify-classic/hubs/connections/accelo
https://help.expensify.com/articles/expensify-classic/integrations/travel-integrations/Additional-Travel-Integrations,https://help.expensify.com/articles/expensify-classic/connections/Additional-Travel-Integrations
https://help.expensify.com/articles/expensify-classic/integrations/accounting-integrations/Certinia,https://help.expensify.com/expensify-classic/hubs/connections/certinia
https://help.expensify.com/articles/expensify-classic/integrations/travel-integrations/Egencia,https://help.expensify.com/articles/expensify-classic/connections/Egencia
https://help.expensify.com/articles/expensify-classic/integrations/travel-integrations/Global-VaTax,https://help.expensify.com/articles/expensify-classic/connections/Global-VaTax
https://help.expensify.com/articles/expensify-classic/integrations/other-integrations/Google-Apps-SSO,https://help.expensify.com/articles/expensify-classic/connections/Google-Apps-SSO
https://help.expensify.com/articles/expensify-classic/integrations/HR-integrations/Greenhouse,https://help.expensify.com/articles/expensify-classic/connections/Greenhouse
https://help.expensify.com/articles/expensify-classic/integrations/HR-integrations/Gusto,https://help.expensify.com/articles/expensify-classic/connections/Gusto
https://help.expensify.com/articles/expensify-classic/integrations/accounting-integrations/Indirect-Accounting-Integrations,https://help.expensify.com/articles/expensify-classic/connections/Indirect-Accounting-Integrations
https://help.expensify.com/articles/expensify-classic/integrations/travel-integrations/Lyft,https://help.expensify.com/articles/expensify-classic/connections/Lyft
https://help.expensify.com/articles/expensify-classic/integrations/travel-integrations/Navan,https://help.expensify.com/articles/expensify-classic/connections/Navan
https://help.expensify.com/articles/expensify-classic/integrations/accounting-integrations/NetSuite,https://help.expensify.com/expensify-classic/hubs/connections/netsuite
https://help.expensify.com/articles/expensify-classic/integrations/HR-integrations/QuickBooks-Time,https://help.expensify.com/articles/expensify-classic/connections/QuickBooks-Time
https://help.expensify.com/articles/expensify-classic/integrations/accounting-integrations/QuickBooks-Desktop,https://help.expensify.com/expensify-classic/hubs/connections/quickbooks-desktop
https://help.expensify.com/articles/expensify-classic/integrations/accounting-integrations/QuickBooks-Online,https://help.expensify.com/expensify-classic/hubs/connections/quickbooks-online
https://help.expensify.com/articles/expensify-classic/integrations/HR-integrations/Rippling,https://help.expensify.com/articles/expensify-classic/connections/Rippling
https://help.expensify.com/articles/expensify-classic/integrations/accounting-integrations/Sage-Intacct,https://help.expensify.com/expensify-classic/hubs/connections/sage-intacct
https://help.expensify.com/articles/expensify-classic/integrations/travel-integrations/TravelPerk,https://help.expensify.com/articles/expensify-classic/connections/TravelPerk
https://help.expensify.com/articles/expensify-classic/integrations/travel-integrations/Uber,https://help.expensify.com/articles/expensify-classic/connections/Uber
https://help.expensify.com/articles/expensify-classic/integrations/HR-integrations/Workday,https://help.expensify.com/articles/expensify-classic/connections/Workday
https://help.expensify.com/articles/expensify-classic/integrations/accounting-integrations/Xero,https://help.expensify.com/expensify-classic/hubs/connections/xero
https://help.expensify.com/articles/expensify-classic/integrations/HR-integrations/Zenefits,https://help.expensify.com/articles/expensify-classic/connections/Zenefits
https://help.expensify.com/articles/expensify-classic/workspaces/tax-tracking,https://help.expensify.com/articles/expensify-classic/workspaces/Tax-Tracking
https://help.expensify.com/articles/expensify-classic/copilots-and-delegates/Approval-Workflows,https://help.expensify.com/articles/expensify-classic/reports/Assign-report-approvers-to-specific-employees
https://help.expensify.com/articles/expensify-classic/settings/Notification-Troubleshooting,https://help.expensify.com/articles/expensify-classic/settings/account-settings/Set-Notifications
https://help.expensify.com/articles/new-expensify/expenses/Validate-a-Business-Bank-Account,https://help.expensify.com/articles/new-expensify/expenses-&-payments/Validate-a-Business-Bank-Account
https://help.expensify.com/articles/expensify-classic/workspaces/Expenses,https://help.expensify.com/articles/expensify-classic/workspaces/Expense-Settings
https://help.expensify.com/articles/expensify-classic/workspaces/Reimbursement,https://help.expensify.com/articles/expensify-classic/workspaces/Configure-Reimbursement-Settings
https://help.expensify.com/articles/expensify-classic/integrations/HR-integrations/ADP.html,https://help.expensify.com/articles/expensify-classic/connections/ADP
https://help.expensify.com/articles/expensify-classic/integrations/accounting-integrations/Accelo.html,https://help.expensify.com/expensify-classic/hubs/connections/accelo
https://help.expensify.com/articles/expensify-classic/integrations/travel-integrations/Additional-Travel-Integrations.html,https://help.expensify.com/articles/expensify-classic/connections/Additional-Travel-Integrations
https://help.expensify.com/articles/expensify-classic/integrations/accounting-integrations/Certinia.html,https://help.expensify.com/expensify-classic/hubs/connections/certinia
https://help.expensify.com/articles/expensify-classic/integrations/travel-integrations/Egencia.html,https://help.expensify.com/articles/expensify-classic/connections/Egencia
https://help.expensify.com/articles/expensify-classic/integrations/travel-integrations/Global-VaTax.html,https://help.expensify.com/articles/expensify-classic/connections/Global-VaTax
https://help.expensify.com/articles/expensify-classic/integrations/other-integrations/Google-Apps-SSO.html,https://help.expensify.com/articles/expensify-classic/connections/Google-Apps-SSO
https://help.expensify.com/articles/expensify-classic/integrations/HR-integrations/Greenhouse.html,https://help.expensify.com/articles/expensify-classic/connections/Greenhouse
https://help.expensify.com/articles/expensify-classic/integrations/HR-integrations/Gusto.html,https://help.expensify.com/articles/expensify-classic/connections/Gusto
https://help.expensify.com/articles/expensify-classic/integrations/accounting-integrations/Indirect-Accounting-Integrations.html,https://help.expensify.com/articles/expensify-classic/connections/Indirect-Accounting-Integrations
https://help.expensify.com/articles/expensify-classic/integrations/travel-integrations/Lyft.html,https://help.expensify.com/articles/expensify-classic/connections/Lyft
https://help.expensify.com/articles/expensify-classic/integrations/travel-integrations/Navan.html,https://help.expensify.com/articles/expensify-classic/connections/Navan
https://help.expensify.com/articles/expensify-classic/integrations/accounting-integrations/NetSuite.html,https://help.expensify.com/expensify-classic/hubs/connections/netsuite
https://help.expensify.com/articles/expensify-classic/integrations/HR-integrations/QuickBooks-Time.html,https://help.expensify.com/articles/expensify-classic/connections/QuickBooks-Time
https://help.expensify.com/articles/expensify-classic/integrations/accounting-integrations/QuickBooks-Desktop.html,https://help.expensify.com/expensify-classic/hubs/connections/quickbooks-desktop
https://help.expensify.com/articles/expensify-classic/integrations/accounting-integrations/QuickBooks-Online.html,https://help.expensify.com/expensify-classic/hubs/connections/quickbooks-online
https://help.expensify.com/articles/expensify-classic/integrations/HR-integrations/Rippling.html,https://help.expensify.com/articles/expensify-classic/connections/Rippling
https://help.expensify.com/articles/expensify-classic/integrations/accounting-integrations/Sage-Intacct.html,https://help.expensify.com/expensify-classic/hubs/connections/sage-intacct
https://help.expensify.com/articles/expensify-classic/integrations/travel-integrations/TravelPerk.html,https://help.expensify.com/articles/expensify-classic/connections/TravelPerk
https://help.expensify.com/articles/expensify-classic/integrations/travel-integrations/Uber.html,https://help.expensify.com/articles/expensify-classic/connections/Uber
https://help.expensify.com/articles/expensify-classic/integrations/HR-integrations/Workday.html,https://help.expensify.com/articles/expensify-classic/connections/Workday
https://help.expensify.com/articles/expensify-classic/integrations/accounting-integrations/Xero.html,https://help.expensify.com/expensify-classic/hubs/connections/xero
https://help.expensify.com/articles/expensify-classic/integrations/HR-integrations/Zenefits.html,https://help.expensify.com/articles/expensify-classic/connections/Zenefits